{"assets":{"290D3223A5890B6DE2C43C61753D72BD":{"type":"texture","index":0,"assetRequest":{"type":"slide","state":"contents","slide":"none"},"url":{"native":"assets\/55B3CBB8-25E8-4CC9-91DF-6E32932C38AA.pdf"},"width":1024,"height":768},"F001C783FB97F91FC930AEF1F3D68B04":{"type":"texture","index":1,"assetRequest":{"type":"slide","state":"contents","slide":"none"},"url":{"native":"assets\/55B3CBB8-25E8-4CC9-91DF-6E32932C38AA.pdf"},"width":1024,"height":768}},"events":[{"effects":[{"beginTime":0,"baseLayer":{"animations":[],"initialState":{"affineTransform":[1,0,0,1,0,0],"masksToBounds":false,"rotation":0,"scale":1,"position":{"pointX":512,"pointY":384},"width":1024,"sublayerTransform":[1,0,0,0,0,1,0,0,0,0,1,0,0,0,0,1],"contentsRect":{"y":0,"x":0,"width":1,"height":1},"opacity":1,"edgeAntialiasingMask":251658240,"height":768,"hidden":false,"anchorPoint":{"pointX":0.5,"pointY":0.5}},"objectID":"0","layers":[{"animations":[],"initialState":{"affineTransform":[1,0,0,1,0,0],"masksToBounds":false,"rotation":0,"scale":1,"position":{"pointX":512,"pointY":384},"width":1024,"sublayerTransform":[1,0,0,0,0,1,0,0,0,0,1,-0.00049229876906403734,0,0,0,1],"contentsRect":{"y":0,"x":0,"width":1,"height":1},"opacity":1,"edgeAntialiasingMask":251658240,"height":768,"hidden":false,"anchorPoint":{"pointX":0.5,"pointY":0.5}},"layers":[{"animations":[],"layers":[],"texturedRectangle":{"isBackgroundTexture":false,"singleTextureOpacity":1,"textureType":0,"textBaseline":0,"textXHeight":0,"isVerticalText":false},"initialState":{"affineTransform":[1,0,0,1,0,0],"masksToBounds":false,"rotation":0,"scale":1,"position":{"pointX":512,"pointY":384},"width":1024,"sublayerTransform":[1,0,0,0,0,1,0,0,0,0,1,0,0,0,0,1],"contentsRect":{"y":0,"x":0,"width":1,"height":1},"opacity":1,"edgeAntialiasingMask":0,"height":768,"hidden":false,"anchorPoint":{"pointX":0.5,"pointY":0.5}},"texture":"F001C783FB97F91FC930AEF1F3D68B04"},{"animations":[{"timeOffset":0,"from":{"scalar":false},"beginTime":0,"repeatCount":0,"fillMode":"both","property":"hidden","autoreverses":false,"duration":0.01,"to":{"scalar":true}}],"layers":[],"texturedRectangle":{"isBackgroundTexture":false,"singleTextureOpacity":1,"textureType":0,"textBaseline":0,"textXHeight":0,"isVerticalText":false},"initialState":{"affineTransform":[1,0,0,1,0,0],"masksToBounds":false,"rotation":0,"scale":1,"position":{"pointX":512,"pointY":384},"width":1024,"sublayerTransform":[1,0,0,0,0,1,0,0,0,0,1,0,0,0,0,1],"contentsRect":{"y":0,"x":0,"width":1,"height":1},"opacity":1,"edgeAntialiasingMask":0,"height":768,"hidden":false,"anchorPoint":{"pointX":0.5,"pointY":0.5}},"texture":"290D3223A5890B6DE2C43C61753D72BD"}]}]},"effects":[],"duration":0.01,"type":"transition","name":"none","objectID":"0"}],"automaticPlay":false,"hyperlinks":[{"url":"http:\/\/ChristopherRooneyIsDaBest.com","targetRectangle":{"y":220,"x":453.97600095367432,"width":508.1640000000001,"height":39.048004150390625}},{"url":"http:\/\/NameCheap.com","targetRectangle":{"y":328,"x":150.96800095367433,"width":266.42400000000004,"height":67.048004150390625}},{"url":"https:\/\/www.namecheap.com\/support\/knowledgebase\/article.aspx\/9645\/2208\/how-do-i-link-my-domain-to-github-pages","targetRectangle":{"y":328,"x":592.49200095367428,"width":204.64600000000019,"height":67.048004150390625}},{"url":"https:\/\/medium.com\/employbl\/launch-a-website-with-a-custom-url-using-github-pages-and-google-domains-3dd8d90cc33b","targetRectangle":{"y":396,"x":71.000000953674316,"width":433.22799999999995,"height":67.048004150390625}}],"accessibility":[{"text":"GSPS 8\/11\/2018","targetRectangle":{"y":40,"x":36,"width":175.57734400033951,"height":28}},{"text":"Buy a domain name, like ChristopherRooneyIsDaBest.com\\u2028(or go to the registrar for the one you already have)","targetRectangle":{"y":220,"x":71.000000953674316,"width":898.1400000000001,"height":107.04800415039062}},{"text":"If it’s NameCheap.com, they have a nice tutorial","targetRectangle":{"y":328,"x":71.000000953674316,"width":726.13800000000015,"height":67.048004150390625}},{"text":"Another for Google Domains (skip to step 6)","targetRectangle":{"y":396,"x":71.000000953674316,"width":666.26400000000012,"height":67.048004150390625}},{"text":"Basically the same process everywhere","targetRectangle":{"y":464,"x":71.000000953674316,"width":597.55000000000007,"height":67.048004150390625}},{"text":"Make A records pointing to IPs","targetRectangle":{"y":532,"x":106.00000095367432,"width":468.55399999999997,"height":67.048004150390625}},{"text":"Make CNAME record pointing to yoursite.github.io","targetRectangle":{"y":600,"x":106.00000095367432,"width":765.17000000000007,"height":39.048004150390625}},{"text":"Want a custom domain?","targetRectangle":{"y":125,"x":36,"width":496.98000000000002,"height":49}}],"baseLayer":{"animations":[],"initialState":{"affineTransform":[1,0,0,1,0,0],"masksToBounds":false,"rotation":0,"scale":1,"position":{"pointX":512,"pointY":384},"width":1024,"sublayerTransform":[1,0,0,0,0,1,0,0,0,0,1,0,0,0,0,1],"contentsRect":{"y":0,"x":0,"width":1,"height":1},"opacity":1,"edgeAntialiasingMask":251658240,"height":768,"hidden":false,"anchorPoint":{"pointX":0.5,"pointY":0.5}},"objectID":"0","layers":[{"animations":[],"initialState":{"affineTransform":[1,0,0,1,0,0],"masksToBounds":false,"rotation":0,"scale":1,"position":{"pointX":512,"pointY":384},"width":1024,"sublayerTransform":[1,0,0,0,0,1,0,0,0,0,1,-0.00049229876906403734,0,0,0,1],"contentsRect":{"y":0,"x":0,"width":1,"height":1},"opacity":1,"edgeAntialiasingMask":251658240,"height":768,"hidden":false,"anchorPoint":{"pointX":0.5,"pointY":0.5}},"layers":[{"animations":[],"layers":[],"texturedRectangle":{"isBackgroundTexture":false,"singleTextureOpacity":1,"textureType":0,"textBaseline":0,"textXHeight":0,"isVerticalText":false},"initialState":{"affineTransform":[1,0,0,1,0,0],"masksToBounds":false,"rotation":0,"scale":1,"position":{"pointX":512,"pointY":384},"width":1024,"sublayerTransform":[1,0,0,0,0,1,0,0,0,0,1,0,0,0,0,1],"contentsRect":{"y":0,"x":0,"width":1,"height":1},"opacity":1,"edgeAntialiasingMask":0,"height":768,"hidden":false,"anchorPoint":{"pointX":0.5,"pointY":0.5}},"texture":"290D3223A5890B6DE2C43C61753D72BD"}]}]}}]}