{"autoplayTransitionDelay":5,"author":"","timestamp":"2018-6-9 14:11:3","loopSlideshow":0,"filename":"hugo_gsps_8-11-18.key","autoplayBuildDelay":2,"comment":"","title":"hugo_gsps_8-11-18.key","showMode":0,"creator":"Apple Keynote 8.2","slideList":["7D643FA7-9A1F-45A5-A30F-7828735F3C35","1014A968-F3AD-416C-A09F-A02D42AA0D94","0B8FD0C5-F6B2-47AF-BF13-798A72C66030","15B65EDC-27D8-4636-9CC0-9C5DF509703C","679D2917-E5F3-45E9-A624-544550278EC1","010E8078-018C-416D-8F70-7EC082EAC0D4","E0FF60E1-B820-45F3-8848-87F7D2EDA0AE","B89EFA00-9E27-4295-8EEA-993E067300E4","CE869F3E-208A-4919-A336-F7F5E370C92E","238859E5-69E4-4733-9AC7-E7B3BD1DB4C7","EB03620D-BA84-4217-98CA-60388EE6FB39","55B3CBB8-25E8-4CC9-91DF-6E32932C38AA","5406A156-A1B3-43DA-BEAA-5A7C45496C78"],"soundtrack":{"mode":0,"volume":1},"slideWidth":1024,"slideHeight":768,"slideCount":13,"majorVersion":1,"minorVersion":2,"fonts":["HelveticaNeue","Avenir-Heavy","SourceCodePro-Regular","AvenirNext-DemiBold","Helvetica","GillSans","DINAlternate-Bold","DINCondensed-Bold","AvenirNext-Medium"]}